{
  "n_checkins": 112,
  "n_episodes": 19,
  "y1_positive_rate": 0.05357142857142857,
  "y24_positive_rate": 0.5089285714285714,
  "feature_count": 19
}